{
  "threshold": 0.0021840082481503487,
  "factual_mean": 0.0021915119141340256,
  "factual_std": 0.0002051392220892012,
  "hallucinated_mean": 0.0021765045821666718,
  "hallucinated_std": 0.00018326057761441916
}