{
  "threshold": 0.002183999866247177,
  "factual_mean": 0.0021915165707468987,
  "factual_std": 0.00020520533144008368,
  "hallucinated_mean": 0.002176482928916812,
  "hallucinated_std": 0.00018328026635572314
}