{
  "ae_min": 0.0017017254140228033,
  "ae_max": 0.002845912706106901,
  "lstm_weight": 0.75,
  "ae_weight": 0.25
}