{
  "ae_min": 0.0017017556820064783,
  "ae_max": 0.0028455574065446854,
  "lstm_weight": 0.75,
  "ae_weight": 0.25
}